{
  "accuracy": [
    0.23192667961120605,
    0.5493171215057373,
    0.6118507981300354,
    0.6455388069152832,
    0.6684885025024414,
    0.6825528740882874,
    0.6932668089866638,
    0.7017689943313599,
    0.7084884643554688,
    0.7140946388244629,
    0.7185733318328857,
    0.7233917117118835,
    0.7271564602851868,
    0.7308904528617859,
    0.7342706918716431,
    0.7374356389045715,
    0.7397339940071106,
    0.74217689037323,
    0.7449253797531128,
    0.7467958331108093,
    0.749470591545105,
    0.7518947124481201,
    0.7532949447631836,
    0.7556828856468201,
    0.7573606371879578,
    0.759378969669342,
    0.7612638473510742,
    0.7627463936805725,
    0.7646538615226746,
    0.7663806676864624,
    0.7681172490119934,
    0.7695614099502563,
    0.7710856795310974,
    0.7728512287139893,
    0.7741483449935913,
    0.7755328416824341,
    0.7768704295158386,
    0.7786875367164612,
    0.779764711856842,
    0.7810750007629395,
    0.7826334238052368,
    0.7836526036262512,
    0.7847127318382263,
    0.785817563533783,
    0.7871313095092773,
    0.7878115773200989,
    0.7889432907104492,
    0.7896896600723267,
    0.790572464466095,
    0.7912894487380981,
    0.791930079460144,
    0.792553722858429,
    0.7930758595466614,
    0.7933145761489868,
    0.7941249012947083,
    0.7944633364677429,
    0.7944467067718506,
    0.7946529984474182,
    0.7944974303245544,
    0.7945017218589783
  ],
  "loss": [
    3.9018566608428955,
    1.8984044790267944,
    1.6125574111938477,
    1.4658788442611694,
    1.3698056936264038,
    1.3098864555358887,
    1.2636116743087769,
    1.2273221015930176,
    1.1993074417114258,
    1.1747909784317017,
    1.154207706451416,
    1.133371353149414,
    1.116693139076233,
    1.1003767251968384,
    1.086147427558899,
    1.0732635259628296,
    1.0615144968032837,
    1.050286054611206,
    1.0380698442459106,
    1.0288207530975342,
    1.0179144144058228,
    1.0085307359695435,
    1.0002162456512451,
    0.9908842444419861,
    0.9821689128875732,
    0.9731049537658691,
    0.9647376537322998,
    0.9573301076889038,
    0.9487205743789673,
    0.9415863156318665,
    0.9336613416671753,
    0.9262376427650452,
    0.9200839996337891,
    0.9121671915054321,
    0.9064577221870422,
    0.8997204899787903,
    0.8919737339019775,
    0.8855404257774353,
    0.8800818920135498,
    0.8738698363304138,
    0.8681086301803589,
    0.8634366989135742,
    0.8576086163520813,
    0.8531395196914673,
    0.8473524451255798,
    0.8433154821395874,
    0.8390984535217285,
    0.8348905444145203,
    0.8316504955291748,
    0.8284800052642822,
    0.8250391483306885,
    0.8228083252906799,
    0.8198472857475281,
    0.8184025883674622,
    0.8163458704948425,
    0.8154945373535156,
    0.8143438696861267,
    0.8142591118812561,
    0.8133054971694946,
    0.8137674927711487
  ],
  "val_accuracy": [
    0.40735265612602234,
    0.522403359413147,
    0.5764347910881042,
    0.6588261127471924,
    0.6779637932777405,
    0.6953816413879395,
    0.7049661874771118,
    0.7087077498435974,
    0.7155676484107971,
    0.7163381576538086,
    0.7272680997848511,
    0.7294976115226746,
    0.7309613823890686,
    0.7344710230827332,
    0.7363284826278687,
    0.7416231632232666,
    0.7411183714866638,
    0.7415362596511841,
    0.7418429851531982,
    0.7467077374458313,
    0.7471038699150085,
    0.7477149963378906,
    0.749289870262146,
    0.7512995004653931,
    0.7507463693618774,
    0.7495483160018921,
    0.7515482902526855,
    0.7526159286499023,
    0.7520676255226135,
    0.7548308968544006,
    0.7531521916389465,
    0.7551473379135132,
    0.7547053098678589,
    0.7555869817733765,
    0.7572222352027893,
    0.7569661736488342,
    0.7579227089881897,
    0.7582970857620239,
    0.7585676312446594,
    0.7579734325408936,
    0.7584806680679321,
    0.7593261003494263,
    0.7596715092658997,
    0.759758472442627,
    0.760326087474823,
    0.7604516744613647,
    0.760159432888031,
    0.7608381509780884,
    0.7611642479896545,
    0.7608864903450012,
    0.7612512111663818,
    0.7611183524131775,
    0.7612560391426086,
    0.7614299654960632,
    0.7615000009536743,
    0.7614951729774475,
    0.7616594433784485,
    0.7619034051895142,
    0.7618478536605835,
    0.7618768215179443
  ],
  "val_loss": [
    2.579951047897339,
    2.003931760787964,
    1.7690457105636597,
    1.374955415725708,
    1.3029048442840576,
    1.223464846611023,
    1.1821720600128174,
    1.1703002452850342,
    1.1395946741104126,
    1.1388345956802368,
    1.094297170639038,
    1.0817502737045288,
    1.0785926580429077,
    1.0644904375076294,
    1.0574041604995728,
    1.0376477241516113,
    1.040529727935791,
    1.0344529151916504,
    1.0397363901138306,
    1.0219537019729614,
    1.0169649124145508,
    1.0147632360458374,
    1.0098422765731812,
    1.0087155103683472,
    1.007542610168457,
    1.0153011083602905,
    1.0053107738494873,
    0.9985678791999817,
    1.006584644317627,
    0.9928417801856995,
    1.002569556236267,
    0.996671736240387,
    0.9953596591949463,
    0.9929731488227844,
    0.9882693290710449,
    0.9896274209022522,
    0.9891868829727173,
    0.9916703104972839,
    0.9893103837966919,
    0.9878956079483032,
    0.9889566898345947,
    0.9871353507041931,
    0.9833806753158569,
    0.9864544868469238,
    0.9859758615493774,
    0.9872259497642517,
    0.986950695514679,
    0.9873706698417664,
    0.9871521592140198,
    0.9863635301589966,
    0.9857770800590515,
    0.9867917895317078,
    0.9853699207305908,
    0.9873230457305908,
    0.9865962266921997,
    0.9862608909606934,
    0.9863485097885132,
    0.9863119125366211,
    0.9864688515663147,
    0.9856464266777039
  ]
}